{
    "controlador.TDA.grafos.GrafoEtiquetadoNoDirigido": {
        "nro_vertices": 30,
        "nro_aristas": 56,
        "listaAdycente": [{
                "null": "",
                "controlador.TDA.listas.LinkedList": [{
                        "head": {
                            "data": {
                                "@class": "controlador.TDA.grafos.Adycencia",
                                "peso": 6795.937817653151,
                                "d": 20
                            },
                            "next": {
                                "data": {
                                    "@class": "controlador.TDA.grafos.Adycencia",
                                    "peso": 4996.946596999191,
                                    "d": 6
                                },
                                "next": {
                                    "data": {
                                        "@class": "controlador.TDA.grafos.Adycencia",
                                        "peso": 4820.191582099771,
                                        "d": 22
                                    }
                                }
                            }
                        },
                        "last": {
                            "@reference": "..\/head\/next\/next"
                        },
                        "size": 3
                    }, {
                        "head": {
                            "data": {
                                "@class": "controlador.TDA.grafos.Adycencia",
                                "peso": 3095.520126490644,
                                "d": 10
                            },
                            "next": {
                                "data": {
                                    "@class": "controlador.TDA.grafos.Adycencia",
                                    "peso": 3688.3589604015533,
                                    "d": 19
                                },
                                "next": {
                                    "data": {
                                        "@class": "controlador.TDA.grafos.Adycencia",
                                        "peso": 6919.366551273059,
                                        "d": 11
                                    },
                                    "next": {
                                        "data": {
                                            "@class": "controlador.TDA.grafos.Adycencia",
                                            "peso": 2019.5619759775361,
                                            "d": 12
                                        },
                                        "next": {
                                            "data": {
                                                "@class": "controlador.TDA.grafos.Adycencia",
                                                "peso": 5121.3166768682,
                                                "d": 23
                                            }
                                        }
                                    }
                                }
                            }
                        },
                        "last": {
                            "@reference": "..\/head\/next\/next\/next\/next"
                        },
                        "size": 5
                    }, {
                        "head": {
                            "data": {
                                "@class": "controlador.TDA.grafos.Adycencia",
                                "peso": 846.430157919218,
                                "d": 12
                            },
                            "next": {
                                "data": {
                                    "@class": "controlador.TDA.grafos.Adycencia",
                                    "peso": 5580.29628609161,
                                    "d": 14
                                }
                            }
                        },
                        "last": {
                            "@reference": "..\/head\/next"
                        },
                        "size": 2
                    }, {
                        "head": {
                            "data": {
                                "@class": "controlador.TDA.grafos.Adycencia",
                                "peso": 8683.258109274237,
                                "d": 15
                            },
                            "next": {
                                "data": {
                                    "@class": "controlador.TDA.grafos.Adycencia",
                                    "peso": 6919.309054503527,
                                    "d": 19
                                }
                            }
                        },
                        "last": {
                            "@reference": "..\/head\/next"
                        },
                        "size": 2
                    }, {
                        "head": {
                            "data": {
                                "@class": "controlador.TDA.grafos.Adycencia",
                                "peso": 16896.900733152193,
                                "d": 28
                            },
                            "next": {
                                "data": {
                                    "@class": "controlador.TDA.grafos.Adycencia",
                                    "peso": 3650.9126475775456,
                                    "d": 17
                                },
                                "next": {
                                    "data": {
                                        "@class": "controlador.TDA.grafos.Adycencia",
                                        "peso": 9978.924744491453,
                                        "d": 8
                                    },
                                    "next": {
                                        "data": {
                                            "@class": "controlador.TDA.grafos.Adycencia",
                                            "peso": 3183.9902510896845,
                                            "d": 10
                                        },
                                        "next": {
                                            "data": {
                                                "@class": "controlador.TDA.grafos.Adycencia",
                                                "peso": 4048.3408022431527,
                                                "d": 15
                                            }
                                        }
                                    }
                                }
                            }
                        },
                        "last": {
                            "@reference": "..\/head\/next\/next\/next\/next"
                        },
                        "size": 5
                    }, {
                        "head": {
                            "data": {
                                "@class": "controlador.TDA.grafos.Adycencia",
                                "peso": 4996.946596999191,
                                "d": 1
                            },
                            "next": {
                                "data": {
                                    "@class": "controlador.TDA.grafos.Adycencia",
                                    "peso": 9096.190595765245,
                                    "d": 29
                                },
                                "next": {
                                    "data": {
                                        "@class": "controlador.TDA.grafos.Adycencia",
                                        "peso": 5970.813333957646,
                                        "d": 23
                                    }
                                }
                            }
                        },
                        "last": {
                            "@reference": "..\/head\/next\/next"
                        },
                        "size": 3
                    }, {
                        "head": {
                            "data": {
                                "@class": "controlador.TDA.grafos.Adycencia",
                                "peso": 2967.897740828824,
                                "d": 21
                            },
                            "next": {
                                "data": {
                                    "@class": "controlador.TDA.grafos.Adycencia",
                                    "peso": 5557.343425399641,
                                    "d": 24
                                },
                                "next": {
                                    "data": {
                                        "@class": "controlador.TDA.grafos.Adycencia",
                                        "peso": 8740.238711673179,
                                        "d": 13
                                    },
                                    "next": {
                                        "data": {
                                            "@class": "controlador.TDA.grafos.Adycencia",
                                            "peso": 6267.444186729438,
                                            "d": 18
                                        }
                                    }
                                }
                            }
                        },
                        "last": {
                            "@reference": "..\/head\/next\/next\/next"
                        },
                        "size": 4
                    }, {
                        "head": {
                            "data": {
                                "@class": "controlador.TDA.grafos.Adycencia",
                                "peso": 9978.924744491453,
                                "d": 5
                            },
                            "next": {
                                "data": {
                                    "@class": "controlador.TDA.grafos.Adycencia",
                                    "peso": 10132.9373566448,
                                    "d": 27
                                }
                            }
                        },
                        "last": {
                            "@reference": "..\/head\/next"
                        },
                        "size": 2
                    }, {
                        "head": {
                            "data": {
                                "@class": "controlador.TDA.grafos.Adycencia",
                                "peso": 4267.503620347893,
                                "d": 24
                            },
                            "next": {
                                "data": {
                                    "@class": "controlador.TDA.grafos.Adycencia",
                                    "peso": 7526.605392190466,
                                    "d": 19
                                },
                                "next": {
                                    "data": {
                                        "@class": "controlador.TDA.grafos.Adycencia",
                                        "peso": 4416.232834407067,
                                        "d": 25
                                    }
                                }
                            }
                        },
                        "last": {
                            "@reference": "..\/head\/next\/next"
                        },
                        "size": 3
                    }, {
                        "head": {
                            "data": {
                                "@class": "controlador.TDA.grafos.Adycencia",
                                "peso": 3095.520126490644,
                                "d": 2
                            },
                            "next": {
                                "data": {
                                    "@class": "controlador.TDA.grafos.Adycencia",
                                    "peso": 3183.9902510896845,
                                    "d": 5
                                },
                                "next": {
                                    "data": {
                                        "@class": "controlador.TDA.grafos.Adycencia",
                                        "peso": 2309.488683842829,
                                        "d": 24
                                    },
                                    "next": {
                                        "data": {
                                            "@class": "controlador.TDA.grafos.Adycencia",
                                            "peso": 9327.125937176035,
                                            "d": 26
                                        }
                                    }
                                }
                            }
                        },
                        "last": {
                            "@reference": "..\/head\/next\/next\/next"
                        },
                        "size": 4
                    }, {
                        "head": {
                            "data": {
                                "@class": "controlador.TDA.grafos.Adycencia",
                                "peso": 12898.08681878901,
                                "d": 30
                            },
                            "next": {
                                "data": {
                                    "@class": "controlador.TDA.grafos.Adycencia",
                                    "peso": 6919.366551273059,
                                    "d": 2
                                }
                            }
                        },
                        "last": {
                            "@reference": "..\/head\/next"
                        },
                        "size": 2
                    }, {
                        "head": {
                            "data": {
                                "@class": "controlador.TDA.grafos.Adycencia",
                                "peso": 846.430157919218,
                                "d": 3
                            },
                            "next": {
                                "data": {
                                    "@class": "controlador.TDA.grafos.Adycencia",
                                    "peso": 2019.5619759775361,
                                    "d": 2
                                },
                                "next": {
                                    "data": {
                                        "@class": "controlador.TDA.grafos.Adycencia",
                                        "peso": 574.2431305541444,
                                        "d": 15
                                    }
                                }
                            }
                        },
                        "last": {
                            "@reference": "..\/head\/next\/next"
                        },
                        "size": 3
                    }, {
                        "head": {
                            "data": {
                                "@class": "controlador.TDA.grafos.Adycencia",
                                "peso": 8740.238711673179,
                                "d": 7
                            },
                            "next": {
                                "data": {
                                    "@class": "controlador.TDA.grafos.Adycencia",
                                    "peso": 14723.954655610485,
                                    "d": 28
                                },
                                "next": {
                                    "data": {
                                        "@class": "controlador.TDA.grafos.Adycencia",
                                        "peso": 3673.4642898425454,
                                        "d": 15
                                    }
                                }
                            }
                        },
                        "last": {
                            "@reference": "..\/head\/next\/next"
                        },
                        "size": 3
                    }, {
                        "head": {
                            "data": {
                                "@class": "controlador.TDA.grafos.Adycencia",
                                "peso": 5580.29628609161,
                                "d": 3
                            },
                            "next": {
                                "data": {
                                    "@class": "controlador.TDA.grafos.Adycencia",
                                    "peso": 7569.04870787609,
                                    "d": 22
                                },
                                "next": {
                                    "data": {
                                        "@class": "controlador.TDA.grafos.Adycencia",
                                        "peso": 6967.200693250019,
                                        "d": 17
                                    },
                                    "next": {
                                        "data": {
                                            "@class": "controlador.TDA.grafos.Adycencia",
                                            "peso": 9307.500364184983,
                                            "d": 20
                                        },
                                        "next": {
                                            "data": {
                                                "@class": "controlador.TDA.grafos.Adycencia",
                                                "peso": 5591.871850698047,
                                                "d": 24
                                            }
                                        }
                                    }
                                }
                            }
                        },
                        "last": {
                            "@reference": "..\/head\/next\/next\/next\/next"
                        },
                        "size": 5
                    }, {
                        "head": {
                            "data": {
                                "@class": "controlador.TDA.grafos.Adycencia",
                                "peso": 8683.258109274237,
                                "d": 4
                            },
                            "next": {
                                "data": {
                                    "@class": "controlador.TDA.grafos.Adycencia",
                                    "peso": 574.2431305541444,
                                    "d": 12
                                },
                                "next": {
                                    "data": {
                                        "@class": "controlador.TDA.grafos.Adycencia",
                                        "peso": 3673.4642898425454,
                                        "d": 13
                                    },
                                    "next": {
                                        "data": {
                                            "@class": "controlador.TDA.grafos.Adycencia",
                                            "peso": 4048.3408022431527,
                                            "d": 5
                                        },
                                        "next": {
                                            "data": {
                                                "@class": "controlador.TDA.grafos.Adycencia",
                                                "peso": 4657.4480520879715,
                                                "d": 20
                                            }
                                        }
                                    }
                                }
                            }
                        },
                        "last": {
                            "@reference": "..\/head\/next\/next\/next\/next"
                        },
                        "size": 5
                    }, {
                        "head": {
                            "data": {
                                "@class": "controlador.TDA.grafos.Adycencia",
                                "peso": 9307.500364184983,
                                "d": 20
                            },
                            "next": {
                                "data": {
                                    "@class": "controlador.TDA.grafos.Adycencia",
                                    "peso": 6746.544068264552,
                                    "d": 29
                                },
                                "next": {
                                    "data": {
                                        "@class": "controlador.TDA.grafos.Adycencia",
                                        "peso": 16250.95188562205,
                                        "d": 27
                                    }
                                }
                            }
                        },
                        "last": {
                            "@reference": "..\/head\/next\/next"
                        },
                        "size": 3
                    }, {
                        "head": {
                            "data": {
                                "@class": "controlador.TDA.grafos.Adycencia",
                                "peso": 3650.9126475775456,
                                "d": 5
                            },
                            "next": {
                                "data": {
                                    "@class": "controlador.TDA.grafos.Adycencia",
                                    "peso": 6967.200693250019,
                                    "d": 14
                                },
                                "next": {
                                    "data": {
                                        "@class": "controlador.TDA.grafos.Adycencia",
                                        "peso": 9975.606300284115,
                                        "d": 29
                                    }
                                }
                            }
                        },
                        "last": {
                            "@reference": "..\/head\/next\/next"
                        },
                        "size": 3
                    }, {
                        "head": {
                            "data": {
                                "@class": "controlador.TDA.grafos.Adycencia",
                                "peso": 9162.084496940086,
                                "d": 21
                            },
                            "next": {
                                "data": {
                                    "@class": "controlador.TDA.grafos.Adycencia",
                                    "peso": 6267.444186729438,
                                    "d": 7
                                },
                                "next": {
                                    "data": {
                                        "@class": "controlador.TDA.grafos.Adycencia",
                                        "peso": 10275.88847506025,
                                        "d": 27
                                    },
                                    "next": {
                                        "data": {
                                            "@class": "controlador.TDA.grafos.Adycencia",
                                            "peso": 15896.402227633267,
                                            "d": 28
                                        }
                                    }
                                }
                            }
                        },
                        "last": {
                            "@reference": "..\/head\/next\/next\/next"
                        },
                        "size": 4
                    }, {
                        "head": {
                            "data": {
                                "@class": "controlador.TDA.grafos.Adycencia",
                                "peso": 3688.3589604015533,
                                "d": 2
                            },
                            "next": {
                                "data": {
                                    "@class": "controlador.TDA.grafos.Adycencia",
                                    "peso": 6919.309054503527,
                                    "d": 4
                                },
                                "next": {
                                    "data": {
                                        "@class": "controlador.TDA.grafos.Adycencia",
                                        "peso": 7526.605392190466,
                                        "d": 9
                                    },
                                    "next": {
                                        "data": {
                                            "@class": "controlador.TDA.grafos.Adycencia",
                                            "peso": 8565.522360901308,
                                            "d": 26
                                        },
                                        "next": {
                                            "data": {
                                                "@class": "controlador.TDA.grafos.Adycencia",
                                                "peso": 6222.09069364363,
                                                "d": 23
                                            },
                                            "next": {
                                                "data": {
                                                    "@class": "controlador.TDA.grafos.Adycencia",
                                                    "peso": 16745.239415694097,
                                                    "d": 30
                                                }
                                            }
                                        }
                                    }
                                }
                            }
                        },
                        "last": {
                            "@reference": "..\/head\/next\/next\/next\/next\/next"
                        },
                        "size": 6
                    }, {
                        "head": {
                            "data": {
                                "@class": "controlador.TDA.grafos.Adycencia",
                                "peso": 6795.937817653151,
                                "d": 1
                            },
                            "next": {
                                "data": {
                                    "@class": "controlador.TDA.grafos.Adycencia",
                                    "peso": 9307.500364184983,
                                    "d": 16
                                },
                                "next": {
                                    "data": {
                                        "@class": "controlador.TDA.grafos.Adycencia",
                                        "peso": 4657.4480520879715,
                                        "d": 15
                                    },
                                    "next": {
                                        "data": {
                                            "@class": "controlador.TDA.grafos.Adycencia",
                                            "peso": 9307.500364184983,
                                            "d": 14
                                        },
                                        "next": {
                                            "data": {
                                                "@class": "controlador.TDA.grafos.Adycencia",
                                                "peso": 1992.8021957684227,
                                                "d": 22
                                            },
                                            "next": {
                                                "data": {
                                                    "@class": "controlador.TDA.grafos.Adycencia",
                                                    "peso": 15014.758854971426,
                                                    "d": 28
                                                }
                                            }
                                        }
                                    }
                                }
                            }
                        },
                        "last": {
                            "@reference": "..\/head\/next\/next\/next\/next\/next"
                        },
                        "size": 6
                    }, {
                        "head": {
                            "data": {
                                "@class": "controlador.TDA.grafos.Adycencia",
                                "peso": 2967.897740828824,
                                "d": 7
                            },
                            "next": {
                                "data": {
                                    "@class": "controlador.TDA.grafos.Adycencia",
                                    "peso": 9162.084496940086,
                                    "d": 18
                                },
                                "next": {
                                    "data": {
                                        "@class": "controlador.TDA.grafos.Adycencia",
                                        "peso": 5735.7030094898555,
                                        "d": 22
                                    },
                                    "next": {
                                        "data": {
                                            "@class": "controlador.TDA.grafos.Adycencia",
                                            "peso": 10345.665720635325,
                                            "d": 29
                                        }
                                    }
                                }
                            }
                        },
                        "last": {
                            "@reference": "..\/head\/next\/next\/next"
                        },
                        "size": 4
                    }, {
                        "head": {
                            "data": {
                                "@class": "controlador.TDA.grafos.Adycencia",
                                "peso": 7569.04870787609,
                                "d": 14
                            },
                            "next": {
                                "data": {
                                    "@class": "controlador.TDA.grafos.Adycencia",
                                    "peso": 5735.7030094898555,
                                    "d": 21
                                },
                                "next": {
                                    "data": {
                                        "@class": "controlador.TDA.grafos.Adycencia",
                                        "peso": 4820.191582099771,
                                        "d": 1
                                    },
                                    "next": {
                                        "data": {
                                            "@class": "controlador.TDA.grafos.Adycencia",
                                            "peso": 1992.8021957684227,
                                            "d": 20
                                        }
                                    }
                                }
                            }
                        },
                        "last": {
                            "@reference": "..\/head\/next\/next\/next"
                        },
                        "size": 4
                    }, {
                        "head": {
                            "data": {
                                "@class": "controlador.TDA.grafos.Adycencia",
                                "peso": 5970.813333957646,
                                "d": 6
                            },
                            "next": {
                                "data": {
                                    "@class": "controlador.TDA.grafos.Adycencia",
                                    "peso": 6222.09069364363,
                                    "d": 19
                                },
                                "next": {
                                    "data": {
                                        "@class": "controlador.TDA.grafos.Adycencia",
                                        "peso": 5121.3166768682,
                                        "d": 2
                                    },
                                    "next": {
                                        "data": {
                                            "@class": "controlador.TDA.grafos.Adycencia",
                                            "peso": 6105.92807642042,
                                            "d": 25
                                        }
                                    }
                                }
                            }
                        },
                        "last": {
                            "@reference": "..\/head\/next\/next\/next"
                        },
                        "size": 4
                    }, {
                        "head": {
                            "data": {
                                "@class": "controlador.TDA.grafos.Adycencia",
                                "peso": 5557.343425399641,
                                "d": 7
                            },
                            "next": {
                                "data": {
                                    "@class": "controlador.TDA.grafos.Adycencia",
                                    "peso": 4267.503620347893,
                                    "d": 9
                                },
                                "next": {
                                    "data": {
                                        "@class": "controlador.TDA.grafos.Adycencia",
                                        "peso": 2309.488683842829,
                                        "d": 10
                                    },
                                    "next": {
                                        "data": {
                                            "@class": "controlador.TDA.grafos.Adycencia",
                                            "peso": 5591.871850698047,
                                            "d": 14
                                        },
                                        "next": {
                                            "data": {
                                                "@class": "controlador.TDA.grafos.Adycencia",
                                                "peso": 7022.395561393072,
                                                "d": 26
                                            }
                                        }
                                    }
                                }
                            }
                        },
                        "last": {
                            "@reference": "..\/head\/next\/next\/next\/next"
                        },
                        "size": 5
                    }, {
                        "head": {
                            "data": {
                                "@class": "controlador.TDA.grafos.Adycencia",
                                "peso": 6105.92807642042,
                                "d": 23
                            },
                            "next": {
                                "data": {
                                    "@class": "controlador.TDA.grafos.Adycencia",
                                    "peso": 4416.232834407067,
                                    "d": 9
                                }
                            }
                        },
                        "last": {
                            "@reference": "..\/head\/next"
                        },
                        "size": 2
                    }, {
                        "head": {
                            "data": {
                                "@class": "controlador.TDA.grafos.Adycencia",
                                "peso": 8565.522360901308,
                                "d": 19
                            },
                            "next": {
                                "data": {
                                    "@class": "controlador.TDA.grafos.Adycencia",
                                    "peso": 7022.395561393072,
                                    "d": 24
                                },
                                "next": {
                                    "data": {
                                        "@class": "controlador.TDA.grafos.Adycencia",
                                        "peso": 10974.143949531432,
                                        "d": 28
                                    },
                                    "next": {
                                        "data": {
                                            "@class": "controlador.TDA.grafos.Adycencia",
                                            "peso": 9327.125937176035,
                                            "d": 10
                                        },
                                        "next": {
                                            "data": {
                                                "@class": "controlador.TDA.grafos.Adycencia",
                                                "peso": 8719.334717269781,
                                                "d": 30
                                            }
                                        }
                                    }
                                }
                            }
                        },
                        "last": {
                            "@reference": "..\/head\/next\/next\/next\/next"
                        },
                        "size": 5
                    }, {
                        "head": {
                            "data": {
                                "@class": "controlador.TDA.grafos.Adycencia",
                                "peso": 10132.9373566448,
                                "d": 8
                            },
                            "next": {
                                "data": {
                                    "@class": "controlador.TDA.grafos.Adycencia",
                                    "peso": 10275.88847506025,
                                    "d": 18
                                },
                                "next": {
                                    "data": {
                                        "@class": "controlador.TDA.grafos.Adycencia",
                                        "peso": 16250.95188562205,
                                        "d": 16
                                    }
                                }
                            }
                        },
                        "last": {
                            "@reference": "..\/head\/next\/next"
                        },
                        "size": 3
                    }, {
                        "head": {
                            "data": {
                                "@class": "controlador.TDA.grafos.Adycencia",
                                "peso": 16896.900733152193,
                                "d": 5
                            },
                            "next": {
                                "data": {
                                    "@class": "controlador.TDA.grafos.Adycencia",
                                    "peso": 14723.954655610485,
                                    "d": 13
                                },
                                "next": {
                                    "data": {
                                        "@class": "controlador.TDA.grafos.Adycencia",
                                        "peso": 10974.143949531432,
                                        "d": 26
                                    },
                                    "next": {
                                        "data": {
                                            "@class": "controlador.TDA.grafos.Adycencia",
                                            "peso": 15896.402227633267,
                                            "d": 18
                                        },
                                        "next": {
                                            "data": {
                                                "@class": "controlador.TDA.grafos.Adycencia",
                                                "peso": 15014.758854971426,
                                                "d": 20
                                            }
                                        }
                                    }
                                }
                            }
                        },
                        "last": {
                            "@reference": "..\/head\/next\/next\/next\/next"
                        },
                        "size": 5
                    }, {
                        "head": {
                            "data": {
                                "@class": "controlador.TDA.grafos.Adycencia",
                                "peso": 9096.190595765245,
                                "d": 6
                            },
                            "next": {
                                "data": {
                                    "@class": "controlador.TDA.grafos.Adycencia",
                                    "peso": 6746.544068264552,
                                    "d": 16
                                },
                                "next": {
                                    "data": {
                                        "@class": "controlador.TDA.grafos.Adycencia",
                                        "peso": 9975.606300284115,
                                        "d": 17
                                    },
                                    "next": {
                                        "data": {
                                            "@class": "controlador.TDA.grafos.Adycencia",
                                            "peso": 10345.665720635325,
                                            "d": 21
                                        }
                                    }
                                }
                            }
                        },
                        "last": {
                            "@reference": "..\/head\/next\/next\/next"
                        },
                        "size": 4
                    }, {
                        "head": {
                            "data": {
                                "@class": "controlador.TDA.grafos.Adycencia",
                                "peso": 12898.08681878901,
                                "d": 11
                            },
                            "next": {
                                "data": {
                                    "@class": "controlador.TDA.grafos.Adycencia",
                                    "peso": 16745.239415694097,
                                    "d": 19
                                },
                                "next": {
                                    "data": {
                                        "@class": "controlador.TDA.grafos.Adycencia",
                                        "peso": 8719.334717269781,
                                        "d": 26
                                    }
                                }
                            }
                        },
                        "last": {
                            "@reference": "..\/head\/next\/next"
                        },
                        "size": 3
                    }]
            }],
        "etiqueta": [{
                "@class": "modelo.Antena-array",
                "null": "",
                "modelo.Antena": [{
                        "id": 1,
                        "nombre": "X",
                        "latitud": 12,
                        "longitud": 32,
                        "foto": "198d18dd-c088-48e5-a666-5acd15f8c011jpeg"
                    }, {
                        "id": 2,
                        "nombre": "Y",
                        "latitud": 43,
                        "longitud": 23,
                        "foto": "38409f91-cf6d-4246-9f59-8a43669ba26ajpeg"
                    }, {
                        "id": 3,
                        "nombre": "A",
                        "latitud": 54,
                        "longitud": -11,
                        "foto": "69c06c5d-3ea8-4d07-b2f2-77c61d2f07e6jpeg"
                    }, {
                        "id": 4,
                        "nombre": "B",
                        "latitud": -23,
                        "longitud": 12,
                        "foto": "0c646196-f476-46df-8feb-58a983241b7cjpeg"
                    }, {
                        "id": 5,
                        "nombre": "C",
                        "latitud": 43,
                        "longitud": 65,
                        "foto": "cf703102-65b0-466f-b8a1-957606b5fd51jpeg"
                    }, {
                        "id": 6,
                        "nombre": "D",
                        "latitud": 54,
                        "longitud": 12,
                        "foto": "b66265ef-a657-404a-b869-800d7da10a14jpeg"
                    }, {
                        "id": 7,
                        "nombre": "E",
                        "latitud": 65,
                        "longitud": 122,
                        "foto": "2ce25c16-91f4-442f-bd99-6c176aba2417jpeg"
                    }, {
                        "id": 8,
                        "nombre": "F",
                        "latitud": 765,
                        "longitud": 222,
                        "foto": "62047f01-ebc9-45ea-abcc-cb701d9bd5e1jpeg"
                    }, {
                        "id": 9,
                        "nombre": "G",
                        "latitud": 454,
                        "longitud": 333,
                        "foto": "7d08b2a2-3b70-4f9a-a285-9f8af0d3359cjpeg"
                    }, {
                        "id": 10,
                        "nombre": "H",
                        "latitud": 111,
                        "longitud": 222,
                        "foto": "58aaef31-df87-44a9-b2a1-70df8ae4a943jpeg"
                    }, {
                        "id": 11,
                        "nombre": "I",
                        "latitud": 433,
                        "longitud": 233,
                        "foto": "10cdf399-88bf-434a-a111-a87cf3cf3294jpeg"
                    }, {
                        "id": 12,
                        "nombre": "J",
                        "latitud": 55,
                        "longitud": 2,
                        "foto": "96e1f38c-4b1b-42fa-b33a-0ca435075c92jpeg"
                    }, {
                        "id": 13,
                        "nombre": "K",
                        "latitud": 22,
                        "longitud": 11,
                        "foto": "20579c33-ac36-4680-a630-70977b33343cjpeg"
                    }, {
                        "id": 14,
                        "nombre": "L",
                        "latitud": 5,
                        "longitud": 2,
                        "foto": "f115c6cf-85cd-4610-8334-23a73b7fc7fdjpeg"
                    }, {
                        "id": 15,
                        "nombre": "M",
                        "latitud": 55,
                        "longitud": 11,
                        "foto": "9636a120-2a2c-426b-97d2-5baa3f2aee9fjpeg"
                    }, {
                        "id": 16,
                        "nombre": "N",
                        "latitud": 5,
                        "longitud": 2,
                        "foto": "fba15440-bc45-4437-9ccf-be22be248516jpeg"
                    }, {
                        "id": 17,
                        "nombre": "O",
                        "latitud": 66,
                        "longitud": 22,
                        "foto": "262cd089-07fa-42c7-bed0-c48b572342a5jpeg"
                    }, {
                        "id": 18,
                        "nombre": "P",
                        "latitud": 11,
                        "longitud": 99,
                        "foto": "db01d261-9b4e-4e1a-a097-ab18b91e8b10jpeg"
                    }, {
                        "id": 19,
                        "nombre": "Q",
                        "latitud": 23,
                        "longitud": 55,
                        "foto": "4b4d78b3-f46c-43a4-9b03-c63a2bab88dbjpeg"
                    }, {
                        "id": 20,
                        "nombre": "R",
                        "latitud": 55,
                        "longitud": 88,
                        "foto": "5ea9ca27-dfb0-4356-b65d-a0360631f9eajpeg"
                    }, {
                        "id": 21,
                        "nombre": "S",
                        "latitud": 444,
                        "longitud": 222,
                        "foto": "70c5f23c-5962-4132-af8f-4ef941cfe3e9jpeg"
                    }, {
                        "id": 22,
                        "nombre": "T",
                        "latitud": 44,
                        "longitud": 66,
                        "foto": "1966fd4a-94dd-407a-a5f8-62b3108fe580jpeg"
                    }, {
                        "id": 23,
                        "nombre": "U",
                        "latitud": 1,
                        "longitud": 2,
                        "foto": "4cc5e722-91f6-48d3-bb02-2279a6d210b3jpeg"
                    }, {
                        "id": 24,
                        "nombre": "W",
                        "latitud": 55,
                        "longitud": 8,
                        "foto": "0e92da6d-9f80-437d-9100-f261a9c9b801jpeg"
                    }, {
                        "id": 25,
                        "nombre": "Z",
                        "latitud": 53,
                        "longitud": 23,
                        "foto": "0d20eb57-4be9-478a-8ce9-44d7f44ccb9ajpeg"
                    }, {
                        "id": 26,
                        "nombre": "AA",
                        "latitud": 356,
                        "longitud": 341,
                        "foto": "25786efa-80dc-4de4-b98a-97227700b1e7jpeg"
                    }, {
                        "id": 27,
                        "nombre": "BB",
                        "latitud": 321,
                        "longitud": 543,
                        "foto": "80d64a12-b07f-44e2-b3b1-6f839a593a48jpeg"
                    }, {
                        "id": 28,
                        "nombre": "CC",
                        "latitud": 555,
                        "longitud": 2221,
                        "foto": "ff8b5cf7-8ac1-4ca9-bccb-559479b77e99jpeg"
                    }, {
                        "id": 29,
                        "nombre": "DD",
                        "latitud": 544,
                        "longitud": 122,
                        "foto": "f46892f7-fbb8-402c-8478-3211c404c5bbjpeg"
                    }, {
                        "id": 30,
                        "nombre": "EE",
                        "latitud": 221,
                        "longitud": 443,
                        "foto": "84d9cab9-76f8-4fbf-8932-7e771dc2a745jpeg"
                    }]
            }],
        "dicVertices": [{
                "entry": [{
                        "modelo.Antena": {
                            "@reference": "..\/..\/..\/etiqueta\/modelo.Antena[22]"
                        },
                        "int": 22
                    }, {
                        "modelo.Antena": {
                            "@reference": "..\/..\/..\/etiqueta\/modelo.Antena[20]"
                        },
                        "int": 20
                    }, {
                        "modelo.Antena": {
                            "@reference": "..\/..\/..\/etiqueta\/modelo.Antena[5]"
                        },
                        "int": 5
                    }, {
                        "modelo.Antena": {
                            "@reference": "..\/..\/..\/etiqueta\/modelo.Antena[2]"
                        },
                        "int": 2
                    }, {
                        "modelo.Antena": {
                            "@reference": "..\/..\/..\/etiqueta\/modelo.Antena[12]"
                        },
                        "int": 12
                    }, {
                        "modelo.Antena": {
                            "@reference": "..\/..\/..\/etiqueta\/modelo.Antena[27]"
                        },
                        "int": 27
                    }, {
                        "modelo.Antena": {
                            "@reference": "..\/..\/..\/etiqueta\/modelo.Antena[3]"
                        },
                        "int": 3
                    }, {
                        "modelo.Antena": {
                            "@reference": "..\/..\/..\/etiqueta\/modelo.Antena[19]"
                        },
                        "int": 19
                    }, {
                        "modelo.Antena": {
                            "@reference": "..\/..\/..\/etiqueta\/modelo.Antena[25]"
                        },
                        "int": 25
                    }, {
                        "modelo.Antena": {
                            "@reference": "..\/..\/..\/etiqueta\/modelo.Antena[21]"
                        },
                        "int": 21
                    }, {
                        "modelo.Antena": {
                            "@reference": "..\/..\/..\/etiqueta\/modelo.Antena"
                        },
                        "int": 1
                    }, {
                        "modelo.Antena": {
                            "@reference": "..\/..\/..\/etiqueta\/modelo.Antena[11]"
                        },
                        "int": 11
                    }, {
                        "modelo.Antena": {
                            "@reference": "..\/..\/..\/etiqueta\/modelo.Antena[15]"
                        },
                        "int": 15
                    }, {
                        "modelo.Antena": {
                            "@reference": "..\/..\/..\/etiqueta\/modelo.Antena[14]"
                        },
                        "int": 14
                    }, {
                        "modelo.Antena": {
                            "@reference": "..\/..\/..\/etiqueta\/modelo.Antena[16]"
                        },
                        "int": 16
                    }, {
                        "modelo.Antena": {
                            "@reference": "..\/..\/..\/etiqueta\/modelo.Antena[9]"
                        },
                        "int": 9
                    }, {
                        "modelo.Antena": {
                            "@reference": "..\/..\/..\/etiqueta\/modelo.Antena[4]"
                        },
                        "int": 4
                    }, {
                        "modelo.Antena": {
                            "@reference": "..\/..\/..\/etiqueta\/modelo.Antena[23]"
                        },
                        "int": 23
                    }, {
                        "modelo.Antena": {
                            "@reference": "..\/..\/..\/etiqueta\/modelo.Antena[29]"
                        },
                        "int": 29
                    }, {
                        "modelo.Antena": {
                            "@reference": "..\/..\/..\/etiqueta\/modelo.Antena[13]"
                        },
                        "int": 13
                    }, {
                        "modelo.Antena": {
                            "@reference": "..\/..\/..\/etiqueta\/modelo.Antena[26]"
                        },
                        "int": 26
                    }, {
                        "modelo.Antena": {
                            "@reference": "..\/..\/..\/etiqueta\/modelo.Antena[28]"
                        },
                        "int": 28
                    }, {
                        "modelo.Antena": {
                            "@reference": "..\/..\/..\/etiqueta\/modelo.Antena[8]"
                        },
                        "int": 8
                    }, {
                        "modelo.Antena": {
                            "@reference": "..\/..\/..\/etiqueta\/modelo.Antena[7]"
                        },
                        "int": 7
                    }, {
                        "modelo.Antena": {
                            "@reference": "..\/..\/..\/etiqueta\/modelo.Antena[24]"
                        },
                        "int": 24
                    }, {
                        "modelo.Antena": {
                            "@reference": "..\/..\/..\/etiqueta\/modelo.Antena[10]"
                        },
                        "int": 10
                    }, {
                        "modelo.Antena": {
                            "@reference": "..\/..\/..\/etiqueta\/modelo.Antena[18]"
                        },
                        "int": 18
                    }, {
                        "modelo.Antena": {
                            "@reference": "..\/..\/..\/etiqueta\/modelo.Antena[6]"
                        },
                        "int": 6
                    }, {
                        "modelo.Antena": {
                            "@reference": "..\/..\/..\/etiqueta\/modelo.Antena[30]"
                        },
                        "int": 30
                    }, {
                        "modelo.Antena": {
                            "@reference": "..\/..\/..\/etiqueta\/modelo.Antena[17]"
                        },
                        "int": 17
                    }]
            }],
        "clazz": "modelo.Antena"
    }
}