{"controlador.lista.LinkedList":{"head":{"data":{"@class":"modelo.Censador","id":1,"nombre":"Marcos","codigo":"0000000001"},"next":{"data":{"@class":"modelo.Censador","id":2,"nombre":"Lucas","codigo":"0000000002"},"next":{"data":{"@class":"modelo.Censador","id":3,"nombre":"Matias","codigo":"0000000003"},"next":{"data":{"@class":"modelo.Censador","id":4,"nombre":"Martin","codigo":"0000000004"},"next":{"data":{"@class":"modelo.Censador","id":5,"nombre":"Adrian","codigo":"0000000005"},"next":{"data":{"@class":"modelo.Censador","id":6,"nombre":"Rox","codigo":"0000000006"},"next":{"data":{"@class":"modelo.Censador","id":7,"nombre":"Carlitos","codigo":"0000000007"},"next":{"data":{"@class":"modelo.Censador","id":8,"nombre":"Cristian","codigo":"0000000008"},"next":{"data":{"@class":"modelo.Censador","id":9,"nombre":"Rodrigo","codigo":"0000000009"}}}}}}}}}},"last":{"@reference":"..\/head\/next\/next\/next\/next\/next\/next\/next\/next"},"size":9}}