{"controlador.lista.LinkedList":{"head":{"data":{"@class":"modelo.Censo","id":1,"nombre":23123,"edad":12321,"estado":"Separado","fecha":"0001-07-31 05:00:00.0 UTC","estadoEmocional":"Regular","censador":{"id":2,"nombre":"Lucas","codigo":"0000000002"},"motivo":"safasfasf"},"next":{"data":{"@class":"modelo.Censo","id":2,"nombre":"Andres","edad":34,"estado":"Divorciado","fecha":"2004-03-30 05:00:00.0 UTC","estadoEmocional":"Regular","censador":{"id":8,"nombre":"Cristian","codigo":"0000000008"},"motivo":"No se xd"},"next":{"data":{"@class":"modelo.Censo","id":3,"nombre":"Lucas","edad":23,"estado":"Separado","fecha":"1900-03-02 04:56:16.0 UTC","estadoEmocional":"Regular","censador":{"id":1,"nombre":"Marcos","codigo":"0000000001"},"motivo":"Infedelidad"}}}},"last":{"@reference":"..\/head\/next\/next"},"size":3}}