<?xml version="1.0" encoding="UTF-8"?>
<project-private xmlns="http://www.netbeans.org/ns/project-private/1">
    <editor-bookmarks xmlns="http://www.netbeans.org/ns/editor-bookmarks/2" lastBookmarkId="0"/>
    <open-files xmlns="http://www.netbeans.org/ns/projectui-open-files/2">
        <group>
            <file>file:/C:/Users/Bravo/Documents/NetBeansProjects/Practica2_Grupo2/src/controlador/CensoDAO.java</file>
            <file>file:/C:/Users/Bravo/Documents/NetBeansProjects/Practica2_Grupo2/src/vista/modeloTabla/ModeloTablaCenso.java</file>
            <file>file:/C:/Users/Bravo/Documents/NetBeansProjects/Practica2_Grupo2/src/vista/FrmCenso.java</file>
            <file>file:/C:/Users/Bravo/Documents/NetBeansProjects/Practica2_Grupo2/src/vista/FrmCensador.java</file>
            <file>file:/C:/Users/Bravo/Documents/NetBeansProjects/Practica2_Grupo2/data/Censo.json</file>
        </group>
    </open-files>
</project-private>
